<?xml version="1.0" encoding="UTF-8"?>
<!DOCTYPE suite SYSTEM "http://testng.org/testng-1.0.dtd">
<suite thread-count="0" guice-stage="DEVELOPMENT" verbose="0" name="Failed suite [Automation Suite]" parallel="none">
  <parameter name="browser" value="chrome"/>
  <test name="Test(failed)" parallel="none">
    <parameter name="browser" value="chrome"/>
    <groups>
      <run>
        <include name="Title_verification"/>
        <include name="Screenshot"/>
        <include name="Listeners"/>
        <include name="My testing"/>
        <exclude name="Phptravels.com"/>
      </run>
    </groups>
    <classes>
      <class name="testScript.NewTest_ExtentReportV3">
        <methods>
          <include name="beforeTest"/>
          <include name="tearDown"/>
          <include name="TestToSkip"/>
          <include name="getResult"/>
        </methods>
      </class> <!-- testScript.NewTest_ExtentReportV3 -->
    </classes>
  </test> <!-- Test(failed) -->
</suite> <!-- Failed suite [Automation Suite] -->
